customerId,movieId,rating,timestamp
15,11,2.5,1093028381
19,11,3,855192773
23,11,3.5,1166728170
30,11,4,948141296
57,11,5,907763065
58,11,5,961127960
59,11,2.5,1144755845
63,11,3.5,1079098249
68,11,3.5,1249808221
86,11,1,848159306
88,11,3.5,1239764623
92,11,4,848525903
93,11,3.5,1304992956
95,11,4,1025556196
105,11,3.5,1100533597
110,11,5,840100602
111,11,4,1097432404
121,11,4,833058545
125,11,4,1269735560
161,11,4,837629659
182,11,5,845744166
219,11,4,974496320
232,11,4,955090745
235,11,3.5,1111558168
239,11,4,991858087
242,11,5,956682997
247,11,4,953361740
249,11,4,839462462
268,11,3.5,1314894958
280,11,3,905583247
292,11,4.5,1140050157
294,11,3,1048536701
306,11,4,939718559
311,11,5,898526635
312,11,3,959933834
319,11,4,834759704
354,11,5,846062456
358,11,3,957479332
380,11,2,949367730
382,11,5,1371773175
385,11,4,836679319
387,11,4,975142478
390,11,5,867075845
396,11,3,839253775
402,11,4.5,1462947988
416,11,4,841446809
421,11,5,835170327
433,11,1.5,1417930769
447,11,3,832493040
452,11,4,976419907
461,11,1.5,1090907986
463,11,3,1049924343
468,11,2,1296195998
472,11,3,944321835
487,11,4,832836467
491,11,3,940797048
493,11,4,954685288
496,11,4,837017766
508,11,3,844376294
509,11,3,1095897396
511,11,4,829351964
517,11,5,846450066
518,11,5,945362876
534,11,3,973374582
535,11,3,838631207
537,11,3,879502984
547,11,3,1418149949
548,11,3,857406576
550,11,4,943373959
562,11,4,1167428952
564,11,3,974833372
569,11,5,965068407
575,11,3,1012593826
597,11,4,940707935
598,11,4,1008571467
602,11,3,842358525
605,11,3,980174746
639,11,4,832450629
641,11,4,834636769
650,11,5,844883616
654,11,4.5,1145391997
667,11,3,847271401
67,12,3,854711916
70,12,3,853954577
91,12,3.5,1448813887
157,12,2,1291598164
199,12,4,1214653108
247,12,3,953270877
252,12,5,869101988
284,12,1,853879034
294,12,4,1062621382
358,12,1,957795321
361,12,3,864051423
396,12,4,838629846
516,12,3,844687789
551,12,3,843274928
564,12,1,974709821
580,12,3,1276095731
624,12,2,1019563753
640,12,3,860951390
182,13,3,845745917
213,13,2.5,1462644085
287,13,4.5,1470167166
402,13,4.5,1462948266
516,13,3,844688688
518,13,5,945369411
564,13,4,974790534
595,13,5,965230121
15,14,2.5,1166586286
18,14,2,856007147
19,14,5,855190167
30,14,4,945276564
70,14,3,853954402
86,14,4,848161252
102,14,4,957895013
233,14,3,854481720
256,14,4,851862320
266,14,4,840452329
284,14,3,853878955
304,14,4,1352656620
306,14,3,939724401
311,14,3,898007870
341,14,4,1240055572
342,14,3,945125271
361,14,4,864051274
383,14,3,852806963
388,14,4,946527775
390,14,2,867072919
407,14,4,962648347
452,14,5,976420715
459,14,4,859210803
490,14,3,851786330
509,14,3,939342219
514,14,3,853892898
530,14,4,879014515
547,14,3.5,1053171195
588,14,3,842298642
640,14,2,860951181
659,14,4,837271765
73,15,2.5,1255593501
213,15,3,1462635671
311,15,2,898008634
390,15,3,867076269
396,15,4,834998937
409,15,1,831090605
496,15,3,834598803
564,15,1,974839652
598,15,2,1007344372
650,15,2,844883798
654,15,2,1145389919
15,22,2.5,1093070415
19,22,3,855192868
39,22,4,832523361
66,22,2,974599486
105,22,2.5,1085574077
165,22,3.5,1111479044
177,22,4,907380781
188,22,3,841064493
242,22,4,956685619
245,22,3,1011238620
254,22,3,845157526
274,22,2.5,1074104221
282,22,3,1111492748
330,22,3,948576623
380,22,3,1151120862
385,22,3,836679569
388,22,4,946522830
389,22,3,829495183
409,22,1,831090605
416,22,4,841446959
452,22,3,976424048
461,22,2,1091958962
487,22,5,832836661
496,22,5,834060753
516,22,5,844687379
518,22,4,945367938
534,22,4,973377415
536,22,5,829471720
548,22,3,857406991
564,22,5,974715698
577,22,3,1111474816
580,22,1.5,1167161268
590,22,3,848677877
608,22,3,939362773
641,22,4,841551328
652,22,4,1439584210
659,22,4,834693258
664,22,3,1393891205
23,24,3.5,1148673467
35,24,2.5,1174450075
95,24,4,1018816035
113,24,5,844884632
119,24,3,913050793
180,24,4,945446829
185,24,4,1019787401
188,24,4,841064046
207,24,0.5,1258439884
213,24,2.5,1462644086
311,24,1.5,1062015179
331,24,4,1323373212
348,24,2,960838511
366,24,4,1306282555
380,24,3,949384487
396,24,3,834998979
411,24,5,944931682
414,24,2,1039390286
452,24,2,976420743
463,24,2,1050439270
468,24,2.5,1296198402
489,24,3,944961127
514,24,1,853896519
518,24,3,945445633
529,24,3,960264734
580,24,2.5,1167162836
629,24,1,841414132
637,24,3.5,1231346461
639,24,3,832450630
644,24,3,944933494
652,24,5,1322813211
654,24,4.5,1145392651
656,24,4,986243844
659,24,3,835642366
67,28,5,854714394
86,28,4,848160132
99,28,3,938586999
102,28,4,956590655
122,28,3,832773358
212,28,4,1218404673
224,28,5,828213150
280,28,5,905583453
294,28,4.5,1102107967
311,28,2,898008658
312,28,5,959934644
414,28,4,1039390382
434,28,4,886374463
493,28,4,954685191
509,28,4,940012794
529,28,4,1387829869
575,28,5,1012593423
614,28,4,1003253973
514,38,1,853896032
624,38,3,1019227804
2,62,3,835355749
15,62,2,1093028336
18,62,4,856006886
23,62,4,1166728220
44,62,5,858707138
67,62,3,854711772
70,62,5,853954235
77,62,3.5,1163252918
86,62,3,848161498
87,62,1,858623186
88,62,3.5,1239758460
92,62,3,848526334
93,62,3.5,1304992545
100,62,3,854193977
119,62,4,913049366
154,62,3,850917310
159,62,3.5,1183519692
161,62,4,837629820
162,62,5,852792058
165,62,3.5,1111981437
173,62,4,875460345
182,62,5,845744284
188,62,3,841063743
192,62,5,843634148
211,62,5,1460811099
220,62,4,970516338
223,62,4,856532133
232,62,5,955093709
235,62,4.5,1112684858
245,62,5,1011238743
253,62,4.5,1215831457
256,62,4,851862204
263,62,3.5,1117842427
266,62,4,840452291
284,62,3,853878869
292,62,4,1140051231
294,62,3.5,1106700701
303,62,3.5,1299489556
306,62,3,939724163
311,62,2.5,1062015343
324,62,3.5,1451524516
338,62,4,841656782
343,62,2,881166685
345,62,3.5,1106949300
353,62,3.5,1114172352
382,62,3.5,1386364784
383,62,4,852806430
388,62,3,946528837
389,62,4,829491840
390,62,3,867072803
413,62,4,850890557
416,62,5,841446890
422,62,3,980860203
447,62,5,832493132
449,62,4,836927059
452,62,3,976420061
461,62,2.5,1091958551
464,62,5,829911793
468,62,2.5,1296195949
484,62,5,851345205
496,62,5,837510633
500,62,3.5,1228946126
502,62,3,861302126
507,62,4,862090955
509,62,3,939328501
514,62,3,853892833
527,62,3.5,1281233910
529,62,4,960264029
530,62,4,879014459
537,62,4,879503194
548,62,3,857405395
561,62,4,1172696487
564,62,1,974842721
575,62,3,1012605059
582,62,3.5,1122167595
588,62,3,842298422
603,62,5,868354978
607,62,3.5,1148586492
616,62,3,860572913
633,62,3,848518358
640,62,5,860950846
641,62,4,834984635
650,62,5,844883683
654,62,4.5,1145391949
658,62,5,941489024
659,62,3,844078288
665,62,3,995233543
11,70,1,1391656827
15,70,0.5,1093070467
19,70,4,855191324
22,70,3,1131661969
30,70,4,1007352836
34,70,4,973746231
39,70,5,832523201
43,70,2,974767953
73,70,3.5,1255596154
77,70,3.5,1163004464
95,70,4,1019023190
102,70,2,957980283
119,70,4,959734582
150,70,2.5,1113906876
165,70,5,1111480089
177,70,4,907380745
247,70,3,953272226
262,70,2,1433945801
276,70,3,1321811946
285,70,4,965089489
292,70,3.5,1140050566
299,70,4.5,1344188827
308,70,4,854376662
332,70,5,1147971495
355,70,3,1130107009
358,70,1,957534713
362,70,3.5,1218567120
384,70,4,1153759985
388,70,3,946520908
422,70,3,980860306
457,70,3,1471383662
461,70,2,1090908842
470,70,3.5,1234089783
482,70,3,949292302
509,70,1,939471667
520,70,1.5,1142444254
534,70,2,973375918
564,70,2,974708918
574,70,4,1232815545
580,70,2.5,1165292373
596,70,4,1138659867
598,70,2,1007344460
608,70,3,939362862
617,70,1,944893444
647,70,3,947292818
648,70,2,1140872227
654,70,3.5,1145392363
664,70,3.5,1343827611
27,73,5,939079553
39,73,3,833532967
46,73,5,1366389910
80,73,5,844860517
86,73,3,848161182
122,73,4,832773302
175,73,4,1052884561
294,73,4,1047071337
324,73,4.5,1451527890
348,73,4,960838695
407,73,5,962646804
408,73,5,933033497
564,73,2,974841398
18,76,3,856007359
39,76,3,832523411
70,76,4,853954729
77,76,3.5,1163219726
92,76,3,848526084
159,76,3,1183518573
177,76,2,907380055
284,76,3,853879090
293,76,3.5,1064615891
361,76,4,864051563
396,76,3,838629626
484,76,5,851345499
548,76,3,857405676
564,76,4,974715792
650,76,3,844883925
492,77,4,898111123
564,77,4,974715861
25,78,3,859625874
30,78,2,945706968
102,78,4,957895295
119,78,3,945993516
284,78,2,853879320
434,78,4,886373239
502,78,4,862510043
514,78,4,853893226
564,78,4,974842547
659,78,2,853835268
278,80,5,984560692
330,80,5,948577126
441,80,4.5,1055274300
573,80,4,946616810
18,85,4,856007495
86,85,4,848161221
112,85,5,852721004
154,85,4,850917507
224,85,4,828213150
312,85,4,959934721
405,85,4,1097698847
409,85,5,828212412
434,85,4,886373101
514,85,3,853893080
547,85,3,974810752
564,85,4,974842470
580,85,4,1155485539
602,85,5,842359533
636,85,5,855227416
659,85,3,843673922
19,89,3,855193220
23,89,4,1148669357
80,89,3,844860250
113,89,4,844884932
128,89,5,1049683332
177,89,4,907380994
213,89,3.5,1462644085
311,89,3,898008016
452,89,3,976424143
487,89,3,832838523
496,89,4,843218356
518,89,3,945368183
534,89,4,973440359
537,89,3,879521128
564,89,3,974715602
650,89,4,844883864
659,89,2,842524638
73,98,3,1406172306
18,100,4,856007279
30,100,4,945277812
55,100,3,855927437
70,100,4,853954577
80,100,2,844860266
162,100,3,852792221
173,100,4,876821498
224,100,4,828213150
232,100,5,955094079
233,100,3,854481871
242,100,4,956686165
256,100,3,851862443
284,100,5,853879034
311,100,3,898008040
361,100,3,864051423
383,100,3,852809531
388,100,2,973840218
434,100,3,886373835
452,100,3,976420764
507,100,2,862091570
511,100,5,829351964
224,103,4,828213150
284,103,4,853879267
434,103,3,886373489
564,103,5,974844826
19,105,3,855192656
66,105,2,974597659
80,105,3,844860062
86,105,3,848161330
99,105,3,938587407
105,105,3.5,1088058675
111,105,0.5,1097429180
113,105,5,844884467
121,105,3,833058633
182,105,4,845744430
193,105,4,971217587
232,105,4,955093134
255,105,4,1236980398
266,105,3,840452329
283,105,3,1114524648
288,105,3,845862667
306,105,2,956081775
311,105,4,898096102
312,105,5,959934810
325,105,2,1356316532
338,105,3,841656923
385,105,3,836679499
388,105,2,946508346
405,105,3.5,1061357222
411,105,4,944930722
419,105,3.5,1110049610
447,105,4,832493108
452,105,1,976420744
458,105,3.5,1337555657
461,105,2.5,1091959001
485,105,2.5,1337748405
493,105,4,954685326
496,105,5,834060152
529,105,4,959966328
534,105,2,973375193
537,105,4,879521206
548,105,4,857407872
551,105,3,843274391
555,105,2,842284753
564,105,4,974716299
573,105,2,946616709
605,105,2,980174106
650,105,3,844883711
654,105,4,1145392423
659,105,3,834694937
665,105,1,995232826
666,105,3,838921278
667,105,3,847271573
15,107,2,1166586594
20,107,3.5,1224042765
67,107,3,854711884
70,107,5,853954577
73,107,3,1255742407
89,107,4,1257610324
154,107,4,850917436
172,107,5,843291455
173,107,3,875357448
175,107,4,1052884580
177,107,3,907380964
284,107,2,853879034
294,107,4,1047071430
301,107,1,1245880619
361,107,4,864051423
420,107,4,892822150
434,107,2,886373716
468,107,3,1296202861
514,107,2,853895942
534,107,4,973376684
543,107,5,866931807
564,107,4,974837418
575,107,4,1012594949
602,107,4,842358299
624,107,4,1019125396
640,107,3,860951390
654,107,4,1145393093
6,111,4,1109258212
15,111,5,997938500
17,111,5,1127469023
19,111,5,855191324
23,111,5,1148671365
27,111,4,939076893
30,111,4,945113485
31,111,4.5,1273714533
36,111,4,847057202
48,111,3,1439687078
53,111,4,955192120
56,111,4,1467005298
59,111,2.5,1144755826
60,111,4.5,1125829229
62,111,4,1451708754
73,111,3.5,1255502716
77,111,4,1183920234
78,111,3.5,1274050991
81,111,4,1307172367
94,111,3.5,1291780487
102,111,5,956590822
105,111,4,1085574450
118,111,4,951009296
119,111,5,913047839
125,111,4,1244538123
128,111,1,1049682562
133,111,0.5,1416151676
147,111,5,1405202753
152,111,3.5,1335948381
159,111,4,1183518995
160,111,4,974255599
164,111,4.5,1182619786
165,111,4,1111981448
168,111,5,848866943
171,111,5,950556231
177,111,4,907380710
178,111,4.5,1437424662
193,111,5,971215659
195,111,2,977743492
199,111,4,1214913146
214,111,5,978418166
215,111,4,860560442
231,111,4,977005465
232,111,5,955092541
236,111,4.5,1109968034
240,111,5,1099264401
242,111,5,956688563
250,111,4,1469700534
257,111,5,1338008367
262,111,3.5,1433899517
265,111,4,960056180
268,111,3,1314894641
278,111,4,984560713
290,111,4,1445337282
297,111,3.5,1318704981
299,111,4.5,1344185877
312,111,5,959931004
324,111,3.5,1451524657
345,111,5,1106948533
348,111,5,960838178
358,111,5,957535373
360,111,5,967345139
373,111,4,938980398
385,111,5,836679223
386,111,4,1047027613
387,111,5,974791195
388,111,5,946525718
391,111,3,891534239
406,111,5,1447952609
423,111,5,1353690587
428,111,5,1304136728
433,111,5,1417930670
434,111,4,886376254
436,111,4,941457768
447,111,3,832492988
450,111,5,1449354173
452,111,4,1002941559
457,111,5,1471384449
461,111,3.5,1091958595
468,111,4,1296193008
472,111,4,939072776
475,111,4.5,1447072049
476,111,4,971680962
481,111,5,1437001061
483,111,3,1465387417
499,111,5,965247885
501,111,0.5,1283137802
505,111,3,1340405130
509,111,5,1093278375
511,111,5,829351964
514,111,5,853893691
519,111,4,1468758621
520,111,5,1142024764
528,111,3.5,1141605268
529,111,4,959964034
533,111,3,965316145
538,111,5,831835877
544,111,4.5,1435785957
545,111,5,938567835
547,111,5,974809870
558,111,5,965485573
563,111,4.5,1410035958
564,111,3,974840746
574,111,5,1232810609
577,111,5,1111475492
580,111,4.5,1155485961
587,111,4,1111102724
595,111,5,965162852
596,111,5,1138658397
608,111,5,939360997
618,111,5,1009556353
619,111,5,831923679
635,111,3.5,1448301764
639,111,5,832450970
647,111,5,947292570
648,111,3,1138477880
658,111,5,941489475
664,111,4,1393890345
86,121,3,848161182
135,121,4,844996191
472,121,4,939691618
558,121,4,965485415
564,121,4,974832475
19,122,3,855194378
110,122,4,840100908
111,122,3.5,1097514612
168,122,3,848879277
219,122,4,974496506
254,122,3,845157670
311,122,2.5,1076968358
344,122,3,850726963
388,122,3,965183831
416,122,3,841447089
461,122,1.5,1090907623
487,122,3,832837343
518,122,3,945362083
522,122,2.5,1391353786
536,122,3,829471719
564,122,4,974837051
593,122,3,840996303
624,122,2,1019128536
665,122,4,993347490
311,155,4.5,1062016035
467,155,3,939064184
472,155,3,974245114
516,155,4,844688604
547,155,2,1022680052
552,155,3,843325702
564,155,2,974842015
602,155,3,842360072
659,155,3,835642452
2,185,3,835355511
4,185,3,949920047
15,185,2,1052896916
17,185,3,1127469509
23,185,3.5,1148778581
50,185,3,847412606
73,185,2.5,1256030057
77,185,2,1163253082
78,185,4.5,1274050942
85,185,3,837511998
88,185,3,1239764312
108,185,3,843302067
110,185,4,840100456
111,185,3,1097432346
114,185,4,838365857
120,185,3,1167422401
122,185,2,832773092
126,185,3,833286470
144,185,2,837455463
145,185,5,845421758
148,185,3,1059604099
150,185,3.5,1114306762
151,185,3,847296716
152,185,1.5,1335948277
161,185,4,837629446
165,185,2.5,1111482873
177,185,4,907380138
182,185,4,845743855
191,185,3,839925608
192,185,3,843633784
200,185,2,1438020091
212,185,3,1218407304
213,185,3,1462638956
225,185,3,845565809
242,185,4,956686266
247,185,3,953361244
266,185,3,840703238
279,185,3,838231354
285,185,3,965091663
288,185,3,845862233
292,185,3,1140051160
294,185,3.5,1082752914
295,185,3.5,1100132359
304,185,3.5,1352655869
306,185,3,939901886
311,185,2.5,1062014523
317,185,4,847633596
324,185,3,1451524398
338,185,3,841656284
344,185,3,850725460
346,185,4,1044651233
355,185,2.5,1130105708
369,185,3,847465494
380,185,0.5,1053104159
385,185,3,836679099
389,185,4,829495183
390,185,3,867076243
394,185,3.5,1298379917
396,185,3,834998311
400,185,1,840205137
412,185,3,993090479
415,185,4,848984824
430,185,3.5,1172909057
439,185,3,1041114690
447,185,3,832492879
449,185,4,836907480
453,185,5,994621902
457,185,1.5,1471385505
461,185,2,1090908002
468,185,1.5,1296195798
480,185,4,1272670061
487,185,3,832836330
496,185,5,834059851
499,185,1,965247402
508,185,3,844376036
516,185,3,844687099
517,185,5,846449928
525,185,4,1024929098
530,185,3,880081413
534,185,4,973440645
535,185,2,838630568
536,185,4,829471721
538,185,3,831835696
552,185,2,843322577
562,185,3.5,1167428832
564,185,4,974844826
575,185,2,1012607558
588,185,3,842298158
590,185,3,848677459
593,185,5,835463560
597,185,3,940707571
607,185,3,1113319866
619,185,4,831921879
624,185,2.5,1206217384
627,185,2.5,1201381250
633,185,2,848518430
639,185,2,833991819
641,185,4,834636332
652,185,4,1439583878
662,185,4,839022269
666,185,3,838920928
667,185,3,847271314
83,205,4,1156207528
242,205,4,956682849
537,205,5,879503263
564,205,3,974716383
7,207,3,851868705
20,207,2.5,1224042795
110,207,5,840100808
126,207,3,833286795
147,207,3.5,1405201255
182,207,5,845744884
254,207,3,845157589
294,207,3,1048536782
306,207,4,941549001
311,207,3,898007831
330,207,4,948576143
356,207,3,1168393740
381,207,4,1018682054
385,207,3,836679708
389,207,4,829492316
452,207,3,976426587
461,207,2.5,1091959533
468,207,2,1296201591
487,207,4,832837206
493,207,4,954685597
496,207,4,834060874
518,207,3,945363127
538,207,3,831835877
564,207,3,974842775
575,207,4,1012594088
641,207,3,841551362
659,207,3,842858671
665,207,3,995232619
86,213,4,848161123
224,213,5,828214011
330,213,5,948577039
409,213,5,831090605
434,213,4,886375433
441,213,5,1048091840
472,213,4,1017534915
492,213,2,898110739
509,213,4,939340096
86,218,4,848161454
306,218,3,939717495
308,218,5,854377067
311,218,2,898008741
312,218,3,959934287
381,218,2,1018682944
385,218,3,836679671
447,218,3,832493257
487,218,4,832836661
516,218,4,844687485
518,218,3,945363973
564,218,3,974837728
641,218,4,834984687
649,218,3,834425029
665,218,4,993347307
53,238,1,955192933
67,238,3,854715870
182,238,4,845745792
389,238,3,829492316
605,238,4,980177182
73,239,3,1437711199
128,239,3,1049690067
185,239,2,1003523380
187,239,3,1228071856
189,239,1,968095225
213,239,1.5,1462644085
402,239,4.5,1462947510
437,239,2,831693584
493,239,1,954685721
518,239,4,945362108
530,239,4,882388817
534,239,4,973374980
557,239,3,1285960614
564,239,5,974790987
665,239,3,993345976
177,240,3,907381064
254,240,2,845159380
487,240,3,832838156
496,240,4,834060820
564,240,5,974844797
2,272,3,835355767
7,272,3,851868188
30,272,4,996883776
36,272,4,847057240
67,272,5,854715905
83,272,4.5,1156206432
86,272,4,848159608
102,272,4,957893763
105,272,3.5,1085579933
119,272,5,913049150
122,272,4,832773202
130,272,3.5,1138999984
187,272,2,1241225088
220,272,5,970503636
224,272,4,828214012
237,272,4.5,1102009412
357,272,4,832768808
385,272,3,836679521
388,272,4,946527535
391,272,5,891533260
396,272,3,834998552
409,272,5,828213115
434,272,4,886376510
447,272,3,832493206
452,272,3.5,1067732235
468,272,3,1296189314
509,272,4.5,1093278423
514,272,5,853893859
537,272,5,879502901
546,272,5,1300579160
547,272,4,981314441
555,272,4,832091194
587,272,4,1112892763
595,272,5,965076996
602,272,4,842359274
613,272,3,1208297635
649,272,4,834424995
659,272,3,834598514
667,272,5,847271703
389,274,3,829492316
396,274,3,839255123
85,275,3,837512134
232,275,1,955091783
254,275,4,845158006
396,275,3,834999034
518,275,3,945365229
306,278,2,939719150
452,278,2,976422760
516,278,3,844687769
536,278,3,829471721
564,278,5,974837231
67,279,5,854714227
396,279,2,834999180
452,279,4,976419777
547,279,0.5,1106433903
67,280,5,854714471
102,280,4,957894358
110,280,4,840100808
128,280,5,1049683189
160,280,5,974258204
165,280,3.5,1111982190
184,280,4,833524992
242,280,4,956686092
306,280,3,939722809
308,280,5,854376623
311,280,3,898007870
391,280,4,891533670
409,280,5,828213115
434,280,4,886376510
452,280,3,976420133
487,280,5,832836717
496,280,4,843218303
511,280,5,829352433
534,280,4,973440399
537,280,4,879502829
602,280,3,842358610
639,280,4,832451121
4,289,4,949778802
239,289,5,991860829
294,289,4,1105649274
306,289,3,939718964
311,289,3,898007870
358,289,3,957479556
381,289,5,1018682568
396,289,3,839254108
461,289,2,1090908798
487,289,4,832837343
518,289,4,945361957
536,289,3,829471721
547,289,1.5,1076968459
641,289,4,841551362
4,329,3,949810618
7,329,3,851868524
15,329,1.5,1093028255
19,329,3,855192814
21,329,3,853846400
41,329,4,1093887332
47,329,4,832228906
49,329,3,978039850
64,329,4,843159770
77,329,2,1163253047
78,329,5,1274050869
82,329,2,835973418
85,329,5,837507101
86,329,5,848159148
92,329,3,848525624
95,329,3,1016317617
108,329,5,843301990
110,329,4,840100416
118,329,4,951009067
119,329,3,913048548
121,329,4,833058414
122,329,3,832773017
126,329,3,833286440
134,329,4,1361245761
144,329,3,837455359
145,329,3,845421636
148,329,4,1059604036
151,329,5,847296686
159,329,2.5,1183519918
161,329,3,837629406
168,329,3,848866631
177,329,4,907380055
185,329,4,1019787409
187,329,1,1228072734
188,329,3,841063550
194,329,4,848098264
197,329,5,975429480
202,329,4,1046144576
217,329,4,1108160615
224,329,4,828214012
225,329,4,845565783
232,329,4,955087039
237,329,2.5,1102009690
242,329,4,956684700
246,329,3,956565501
260,329,5,1207985668
279,329,3,838231264
285,329,4,965088661
287,329,4.5,1473445099
290,329,5,1445337368
294,329,3,1054068733
311,329,2,897490587
317,329,5,847633521
337,329,5,1447176408
344,329,3,850728412
345,329,2,1106949223
354,329,3,846062317
357,329,3,832768597
369,329,3,847465462
370,329,3,1096511840
375,329,4,845491901
396,329,2,834998277
400,329,4,840205118
401,329,5,977459200
415,329,4,848984796
416,329,3,841446655
428,329,2.5,1304136644
437,329,3,831691462
447,329,3,832492644
457,329,0.5,1471386581
461,329,1.5,1091958464
463,329,3,1050439353
466,329,3,944978286
468,329,2.5,1296195845
487,329,4,832836276
495,329,4,846384194
496,329,5,834059806
500,329,0.5,1228946757
514,329,2,853896364
516,329,3,844687067
517,329,3,846449893
518,329,3,945369691
533,329,4,965315177
535,329,2,838630391
537,329,5,879521461
538,329,2,831835647
542,329,4,1424965248
548,329,3,857406302
551,329,3,843274005
555,329,3,832097219
556,329,5,842019723
561,329,3,1172695285
564,329,3,974839108
568,329,5,835002248
574,329,2.5,1232810443
575,329,5,1018057867
577,329,4,1111475269
580,329,2,1248183692
588,329,3,842298082
589,329,4,836109554
590,329,3,848677432
592,329,2,995421702
593,329,3,835463235
596,329,3.5,1138729373
602,329,3,842357696
607,329,3.5,1113319794
619,329,3,831921829
624,329,4,1092829881
633,329,3,848518115
639,329,3,832450943
649,329,2,834424723
654,329,4,1145391848
657,329,4,841960771
666,329,2,838920870
17,348,3.5,1127470013
19,348,4,855191622
30,348,5,945114800
36,348,3,847057278
86,348,3,848161134
102,348,4,956598960
105,348,3.5,1086101939
121,348,3,833058704
224,348,5,828214011
240,348,4,1100891640
242,348,5,956682849
312,348,4,959933465
321,348,4,939401242
354,348,5,846062722
358,348,5,957794540
373,348,4,938979530
385,348,3,836679592
387,348,5,975143557
400,348,4,840205404
407,348,5,962647221
409,348,5,828213115
424,348,3,1088826578
434,348,4,886376348
447,348,3,832493230
452,348,3.5,1133735631
460,348,2,1072837293
472,348,3,939072217
505,348,3.5,1340411787
509,348,4.5,1095897738
529,348,5,959966045
537,348,4,879502583
548,348,4,857406644
555,348,3,832091194
564,348,4,974712445
585,348,4,974607610
595,348,3,965078096
602,348,3,842360049
608,348,5,958825935
624,348,4,1019127381
644,348,5,944934313
330,389,4,948577776
19,423,3,855193488
130,423,2,1139003970
177,423,5,907381178
285,423,3,965543124
306,423,3,939716254
344,423,2,850725409
388,423,3,946534602
390,423,3,867076327
405,423,5,1097696943
534,423,4,973376075
564,423,5,974839235
575,423,3,1012598440
605,423,3,980175498
607,423,3.5,1113405106
30,424,4,946161737
165,424,3.5,1111610567
311,424,1.5,1062015313
30,426,2,945277698
39,426,3,832523386
41,426,3,1093887714
92,426,2,848526037
168,426,3,848879364
177,426,3,907380203
195,426,3,978700358
248,426,4,1031528234
487,426,3,832837571
514,426,4,853894755
551,426,3,843274666
564,426,5,974709423
306,453,2,941554624
311,453,2,897415324
487,453,4,832839129
509,453,2,946276519
518,453,2,945365087
110,489,4,840101294
153,489,3,1046739156
168,489,2,848879333
182,489,3,845745440
239,489,2,991863270
254,489,3,845157847
311,489,2.5,1093022107
344,489,3,850727090
396,489,1,834999107
416,489,1,841447183
487,489,4,832838947
564,489,3,974838026
2,497,3,835355880
9,497,4,938628777
20,497,5,1238731010
23,497,4.5,1148669881
57,497,5,907763018
73,497,3.5,1255845005
86,497,4,848161123
88,497,4,1239765126
92,497,4,848526484
99,497,3,938587034
105,497,2.5,1085574422
111,497,4,1097431077
121,497,5,833059219
122,497,4,832773302
126,497,4,833287056
130,497,4,1138998334
159,497,3.5,1183519707
177,497,5,907515749
212,497,3,1218954867
239,497,5,991858341
254,497,3,845157499
288,497,3,845862722
293,497,4,1064615947
294,497,5,1047071673
315,497,4,1046663943
330,497,4,948575236
344,497,5,850726472
354,497,5,846062533
391,497,4,891533092
393,497,4,1058471850
396,497,5,839252831
420,497,4,892821791
430,497,1.5,1111488818
431,497,5,1165548800
434,497,4,886376394
460,497,5,1072838843
461,497,3,1091958698
466,497,5,945140540
468,497,3,1296197502
472,497,2,939071750
487,497,5,832838523
493,497,2,954685229
500,497,3.5,1228963385
509,497,3,1093295668
514,497,3,853893961
529,497,4,959965517
537,497,5,879502926
545,497,4,938568260
548,497,3,857406302
555,497,3,842283909
559,497,5,917732299
564,497,3,974832897
575,497,5,1012593579
577,497,5,1111550558
593,497,5,840995910
597,497,4,940707828
602,497,5,842358610
649,497,4,834425221
658,497,5,941488905
659,497,4,834694545
2,500,4,835355731
5,500,4.5,1163373718
7,500,3,851867669
15,500,3,1035258747
19,500,3,855194264
20,500,3,1238729842
26,500,1,1360088125
30,500,4,945277277
43,500,3,974769730
61,500,4,1216050755
68,500,4,1194741805
69,500,3.5,1366831290
73,500,3.5,1272354528
77,500,3,1183920204
78,500,4,1274050831
85,500,4,837512181
86,500,3,848161773
88,500,2.5,1239772521
89,500,5,1257620515
92,500,3,848525730
105,500,3,1086101954
108,500,5,843302196
110,500,4,840100546
120,500,3,1167422333
126,500,4,833287015
127,500,5,842322608
130,500,3.5,1138999276
134,500,4,1361245714
136,500,3.5,1405977333
144,500,3,837455700
145,500,5,845421838
150,500,1.5,1113907512
151,500,4,847296774
152,500,2.5,1335948104
159,500,2,1183519898
161,500,4,837629586
165,500,3,1111482850
168,500,3,848879030
182,500,5,845743924
184,500,4,833525160
187,500,3.5,1228072703
188,500,5,841063637
192,500,4,843633865
194,500,3,848098339
200,500,4,1437934173
212,500,2.5,1218403787
213,500,2,1462638070
219,500,4,974496359
220,500,3,970503675
232,500,4,955091142
234,500,4,1213808838
235,500,4.5,1112684805
236,500,2.5,1109968588
239,500,4,991860998
240,500,4,1098943263
241,500,3,847339539
243,500,3.5,1094223921
247,500,3,953361972
249,500,5,839461891
253,500,3.5,1215831197
254,500,4,845157323
262,500,3.5,1433900987
266,500,3,840703309
268,500,3,1314894198
275,500,5,1386885370
279,500,3,838231656
282,500,3.5,1111493971
285,500,4,965092448
288,500,3,845862302
292,500,3.5,1140051115
294,500,4,1047072163
295,500,4.5,1100132301
303,500,2.5,1299451294
306,500,4,939719126
308,500,2,854377117
311,500,2.5,1062015730
312,500,1,959934071
313,500,3.5,1101033270
324,500,4,1451524282
327,500,3.5,1225363929
338,500,3,841656415
344,500,4,850726940
353,500,1,1162168825
355,500,2,1130105672
358,500,4,957794812
369,500,4,847465541
382,500,3,1371829161
384,500,3,1156525410
385,500,4,836679405
394,500,3.5,1298379427
396,500,3,834998552
400,500,3,840205221
410,500,4,1434057982
412,500,3,993088722
416,500,3,841446733
418,500,3,1132178260
428,500,1,1304132696
430,500,4,1172908623
442,500,4.5,1227920121
452,500,4,976422542
457,500,2,1471386330
461,500,1.5,1091049718
466,500,4,945317187
468,500,2.5,1296195860
473,500,5,1425644068
480,500,4,1339284652
486,500,1.5,1464121160
487,500,5,832838464
496,500,4,834060718
500,500,3,1228921057
508,500,4,844376142
509,500,3,946276800
514,500,3,853895942
517,500,5,846449990
518,500,4,945364061
520,500,3,1142028932
523,500,4,1202234821
527,500,1,1281233710
531,500,3,1240402290
534,500,3,973377218
535,500,3,838631168
537,500,2,879507007
547,500,4,1031663976
548,500,3,857406724
554,500,3,1012753651
556,500,4,842019864
561,500,3,1172734846
562,500,3.5,1167428780
564,500,5,974716189
574,500,3,1232914882
575,500,4,1012596768
577,500,3.5,1111475291
580,500,3.5,1164328541
590,500,3,848677525
593,500,4,835465034
596,500,3.5,1138705133
602,500,4,842359086
603,500,4,868355630
607,500,2.5,1148585800
614,500,4,1010620090
617,500,4,944893920
624,500,4,1019128140
629,500,5,841414227
633,500,3,848518377
641,500,5,836533738
646,500,5,953450112
648,500,4,1138477832
649,500,3,834425091
653,500,4,948160992
654,500,4.5,1145391852
659,500,5,834598679
662,500,4,839022388
665,500,2,993346777
73,510,0.5,1255593983
168,510,2,848879661
311,510,3,898008246
487,510,4,832839025
514,510,2,853896495
36,521,4,847057776
232,521,5,955089638
254,521,5,845157997
306,521,2,939901794
391,521,4,891533848
487,521,3,832838880
516,521,3,844687895
564,521,5,974844684
647,521,3,947293233
659,521,2,834694818
8,524,2,1154400357
13,524,3.5,1331379485
15,524,2.5,1166586387
36,524,3,847057575
43,524,3,974767845
49,524,3,978039301
67,524,3,854714302
117,524,4,1320634639
125,524,4,1269734088
146,524,3.5,1256070798
165,524,3,1111982109
166,524,4,1064888483
168,524,3,848879333
170,524,2.5,1220532237
182,524,5,845745289
187,524,4,1233459078
210,524,4,1070591598
253,524,4.5,1215832370
282,524,5,1111494667
294,524,3.5,1071696039
306,524,4,939722867
308,524,4,854377067
311,524,2.5,1062014532
351,524,5,975636796
388,524,4,946528365
414,524,3,1039390072
416,524,4,841447183
452,524,2,976420267
468,524,3,1296202903
487,524,5,832838839
496,524,5,834060853
547,524,1,1022680161
604,524,4.5,1277532667
607,524,3,1113405852
637,524,5,1231346519
665,524,3,995233613
2,550,3,835356109
19,550,3,855192254
86,550,4,848159949
110,550,4,840101099
412,550,2,993086487
416,550,3,841447192
487,550,3,832837960
518,550,2,945361865
534,550,2,973374670
564,550,5,974837661
652,550,5,1440269836
15,562,3,1166586512
19,562,3,855190447
33,562,4,1032859878
34,562,4,973747258
48,562,3.5,1368072767
102,562,5,957893672
187,562,4.5,1230361549
211,562,4,1460811237
299,562,3.5,1344178870
312,562,4,959933872
321,562,3,939401033
348,562,5,960838658
383,562,4,852806600
407,562,3,962647646
420,562,4,892821791
452,562,4,976425388
460,562,4,1072836717
461,562,2.5,1091959523
465,562,3,1170652771
472,562,4,939072152
509,562,3,939328501
514,562,5,853893185
537,562,5,879503317
547,562,0.5,1053173877
564,562,3,974713136
595,562,4,965077092
602,562,4,842356974
617,562,3,944893604
636,562,4,855227547
641,562,5,853994125
509,567,3,946268775
564,567,5,974843463
3,595,2,1298923260
5,595,4,1163374190
7,595,3,851868044
19,595,5,855195077
20,595,4,1238729816
21,595,3,853846511
23,595,4.5,1148672375
30,595,5,945122884
32,595,2,834828108
34,595,4,973746365
37,595,5,981308140
39,595,3,832523082
47,595,3,832228906
48,595,3.5,1322169669
61,595,2.5,1216050607
64,595,3,843159967
67,595,4,854714421
69,595,4,1366831275
73,595,4.5,1303464866
77,595,3.5,1163253015
82,595,5,835973419
85,595,3,837507101
86,595,3,848161267
88,595,3.5,1239763938
92,595,5,848525589
93,595,4,1304991672
97,595,1.5,1460342687
99,595,5,938586006
108,595,5,843301990
110,595,3,840100416
111,595,3,1097432294
114,595,5,838365878
119,595,4,913049486
121,595,4,833058414
122,595,3,832773017
125,595,4,1269733931
126,595,4,833286440
128,595,5,1049690031
130,595,3.5,1138999226
132,595,3,1285312214
133,595,2.5,1416166708
134,595,3,1361245704
136,595,4,1405977321
137,595,5,946412430
145,595,4,845421636
151,595,3,847296653
161,595,3,837629407
165,595,3,1111482813
175,595,4,1052884561
176,595,4,1341001312
178,595,3.5,1437428338
182,595,5,845746325
184,595,4,833524803
185,595,5,1019787081
187,595,4.5,1228072685
188,595,4,841063527
191,595,2,839925563
192,595,5,843633696
195,595,3,975748393
200,595,1,1438022848
211,595,4,1460811488
212,595,3.5,1218401003
213,595,3,1462637928
214,595,4,978469223
220,595,4,975512038
225,595,5,845565739
232,595,4,955088897
234,595,3.5,1213808800
237,595,3.5,1102009669
240,595,3.5,1099264168
241,595,3,847339439
246,595,3,956565341
254,595,4,845157247
262,595,3.5,1433900938
266,595,3,840703153
268,595,4.5,1314894172
279,595,2,838231264
287,595,5,1469162267
288,595,3,845862175
292,595,4,1140049904
294,595,5,1047071310
295,595,4,1100132136
302,595,4,843720636
303,595,2.5,1299489296
304,595,1.5,1352655686
306,595,4,948919659
311,595,3,898008288
313,595,4,1105354621
317,595,3,847633469
328,595,3.5,1148000617
330,595,4,948576914
338,595,4,841656157
344,595,3,850726333
354,595,4,846062294
357,595,5,832768597
358,595,5,957481358
363,595,5,942344755
369,595,4,847465421
375,595,1,845491869
377,595,4.5,1187053714
381,595,5,1018682666
382,595,4,1371777868
389,595,4,829492315
396,595,4,834998277
400,595,4,840205101
402,595,4,1462948572
408,595,3,933114944
415,595,3,848984762
420,595,4,892822843
421,595,3,835170037
428,595,3.5,1304133667
430,595,3.5,1172908778
434,595,5,886374784
437,595,5,831691445
440,595,3,835336997
442,595,4,1227920095
447,595,3,832492644
449,595,4,836907435
460,595,4,1072839194
461,595,4.5,1090907912
463,595,5,1049913411
464,595,5,829912557
466,595,5,944978989
468,595,3,1296191868
472,595,5,939004597
474,595,5,976163768
480,595,3.5,1339456458
487,595,4,832836276
495,595,4,846384194
496,595,4,834059806
500,595,3,1228920972
508,595,3,844375956
509,595,3,1093295652
513,595,4,843771811
514,595,3,853894894
516,595,4,844687067
517,595,5,846449893
518,595,5,945362262
520,595,4.5,1142028512
523,595,5,1202234793
530,595,5,880081204
531,595,3,1243509906
535,595,1,838630391
536,595,5,829471719
538,595,3,831835647
547,595,3.5,1230811517
548,595,3,857407060
551,595,3,843274005
561,595,3.5,1172696436
564,595,4,974713031
568,595,4,835002248
573,595,4,946616177
575,595,5,1012594766
577,595,4.5,1111475230
580,595,3,1156127222
582,595,4,1122169669
584,595,4,1277587234
590,595,3,848677408
595,595,2,965230086
596,595,3,1139402926
602,595,5,842356080
603,595,5,868355748
607,595,2,1148585574
619,595,3,831921829
623,595,3.5,1225256480
639,595,3,833991717
646,595,5,953704020
649,595,3,834424723
653,595,5,948160498
654,595,5,1145390689
655,595,4,1470073702
657,595,3,841960742
658,595,3,941488664
662,595,4,839022212
665,595,5,992909099
666,595,2,838920870
19,599,4,855192636
34,599,3,973748336
102,599,5,956600050
119,599,4,915412223
232,599,2,955086564
236,599,4.5,1109968086
299,599,4.5,1344188994
311,599,2,897415265
434,599,4,886374463
472,599,5,939004952
529,599,5,960085638
587,599,3.5,1111363457
608,599,5,958824585
624,599,5,1265660460
177,600,4,907381025
311,603,3,898008162
211,627,4,1460811735
224,627,4,845813991
466,627,3,949377348
509,627,3,939342718
537,627,2,879502709
564,627,4,974713375
608,627,3,939362594
641,627,3,855981007
652,627,4,1440271139
211,630,4,1460811831
659,630,3,848903279
18,640,3,856007359
30,640,3,951009961
36,640,3,853005492
70,640,3,853954656
86,640,3,848160245
223,640,3,856532399
224,640,3,828213150
284,640,4,853879064
361,640,3,864051494
383,640,3,852809687
390,640,3,867073029
484,640,4,851345499
487,640,3,832837975
516,640,4,844688598
551,640,3,843275977
564,640,4,974843463
636,640,4,855227364
647,640,4,947292692
15,665,3,997939348
86,665,4,848161149
220,665,2,970595600
430,665,3,1172909323
550,665,5,959486824
434,679,4,886375736
15,680,2,1052896867
17,680,4.5,1127472555
255,680,4,1236981604
408,680,5,933116905
481,680,4,1437106441
564,680,4,974715570
67,694,3,854711978
70,694,5,853954893
73,694,3,1470720292
284,694,2,853879165
311,694,2.5,1093022119
390,694,1,867073940
413,694,3,850890772
453,694,2,994622627
507,694,3,862092115
650,694,4,844884074
187,705,2.5,1233449634
564,705,2,974715602
641,705,4,861415895
7,745,5,851868020
15,745,3,997938288
20,745,5,1224043160
23,745,4.5,1148669873
59,745,5,1144756328
60,745,3.5,1125829207
70,745,4,853954813
73,745,4,1255588345
77,745,3,1183512477
80,745,5,844861413
88,745,3,1239762941
100,745,4,854194208
102,745,4,956590890
119,745,5,945993227
130,745,4,1138985753
133,745,0.5,1416152168
159,745,3.5,1183519013
173,745,5,875356590
185,745,5,1003524299
205,745,1,1442146219
214,745,5,979451781
220,745,5,970515718
234,745,4,1213850214
275,745,4.5,1350254094
283,745,5,1131817049
294,745,5,1048537484
309,745,5,1122487426
328,745,4.5,1147995987
343,745,5,881166495
353,745,2.5,1137410881
357,745,5,832769127
363,745,5,942344684
394,745,2,1297525155
407,745,5,962646090
422,745,5,980859598
423,745,4.5,1353690436
424,745,4.5,1088826612
430,745,5,1170411578
434,745,5,886374960
460,745,5,1072836583
461,745,4,1091959126
472,745,5,939691471
501,745,4,1283138249
502,745,5,861302338
507,745,5,862091893
509,745,4,1124553277
514,745,4,853893059
530,745,5,882388791
531,745,3.5,1240402455
537,745,5,879502537
547,745,2,974778219
564,745,4,974790351
585,745,4,975362059
597,745,5,940708400
599,745,1.5,1329891638
605,745,4,980176187
613,745,4.5,1208297909
615,745,4,1408778654
624,745,4,1028110529
647,745,5,947292654
667,745,5,847272075
671,745,4,1065149085
15,762,2,1093070454
18,762,1,856007147
30,762,3,945278328
70,762,4,853954485
80,762,2,844860250
87,762,3,858623257
101,762,2.5,1292402330
105,762,3.5,1086093893
110,762,5,840101207
113,762,5,844884932
135,762,3,844996036
154,762,4,850917416
173,762,3,876823420
212,762,2.5,1218955732
233,762,3,854481818
239,762,3,991863117
252,762,3,869101734
263,762,3,1117844218
276,762,0.5,1321811980
284,762,3,853878994
285,762,3,965092752
306,762,1,939717209
311,762,1.5,1062015446
331,762,1.5,1323373159
358,762,1,957534713
361,762,3,864051197
452,762,1,976423357
490,762,3,851786427
509,762,1,940016432
514,762,1,853892928
518,762,1,945365024
522,762,1.5,1391351878
543,762,5,866931772
574,762,0.5,1232809235
580,762,1,1167161140
607,762,2,1148585681
616,762,3,860573029
636,762,3,855227294
640,762,3,860951181
472,769,3,939691164
150,829,1,1114309340
358,829,1,957481419
380,829,1,994729981
452,829,1,976423319
518,829,1,945362365
584,829,1,1271760557
605,829,1,980195844
81,872,5,1307172386
222,901,5,960919866
254,901,4,845158460
294,901,3.5,1055279057
306,901,3,940246806
311,901,2,897491316
363,901,4,942345172
387,901,5,974670228
537,901,5,879503164
564,901,4,974714165
575,901,4,1012594925
585,901,4,975363236
620,901,3.5,1455532934
13,914,4,1331379366
15,914,1.5,1058250501
19,914,3,855193012
21,914,5,853850835
23,914,3,1148673452
30,914,4,945115727
35,914,1.5,1174450057
57,914,5,907765600
68,914,4,1219474844
88,914,4,1239755560
93,914,3.5,1304729546
99,914,4,938623534
102,914,5,957980851
130,914,3.5,1139003939
169,914,3.5,1234228764
185,914,4,1019787199
207,914,0.5,1258439844
212,914,3,1254009228
243,914,4,1094232624
253,914,4,1215832168
254,914,3,845158378
264,914,5,995664826
294,914,3.5,1082753273
304,914,4,1352655994
306,914,4,940001322
311,914,4.5,1062016053
325,914,1.5,1356316525
358,914,3,957481300
363,914,5,942345138
365,914,5,1359308393
381,914,4,1018646199
387,914,5,974790616
394,914,3.5,1297524899
408,914,2,933036956
420,914,3,892821460
431,914,3,1165548366
463,914,4,1050499182
468,914,3,1296197426
472,914,5,939691344
505,914,3,1340409023
518,914,4,945362739
529,914,3,959965822
537,914,5,879503317
564,914,3,974713988
569,914,5,965069372
575,914,4,1012593423
582,914,4,1122169761
595,914,4,965231048
620,914,4.5,1455532924
621,914,3.5,1116476074
628,914,2,1357725084
222,935,4,960919866
294,935,3.5,1055278619
387,935,5,974670100
529,935,5,960140386
537,935,4,879506835
575,935,3,1012594876
30,947,4,945114585
240,947,4,1098942354
311,947,2,898008658
405,947,4,1097770419
468,947,4.5,1296193047
505,947,3,1340409159
547,947,3,1076809271
575,947,3,1012595781
585,947,5,975362059
587,947,4,1116100203
614,947,4,1003254048
23,949,3.5,1148721092
102,949,4,956598942
232,949,2,955092697
242,949,5,956688825
263,949,3,1117846575
311,949,3,898008327
363,949,4,942345464
387,949,5,974670478
452,949,4.5,1133735550
505,949,3.5,1340405089
509,949,2,978936953
537,949,3,879503053
547,949,4,974777410
558,949,4,965485747
564,949,3,974841162
647,949,4,947292304
311,962,2,897488789
387,962,4,974682578
30,996,3,986009052
105,996,3,1086274277
119,996,3,913232992
318,996,3,862903224
362,996,2,1218567324
384,996,3.5,1154549975
534,996,4,973376255
607,996,4.5,1148587330
19,1091,3,855194052
21,1091,3,853853956
30,1091,1,945295052
31,1091,3,1273542081
33,1091,4,1032772901
57,1091,2,907765142
232,1091,4,955091919
239,1091,3,991862882
247,1091,3,953271548
285,1091,1,965092826
292,1091,3.5,1140050734
304,1091,1.5,1352654503
311,1091,2,897491456
344,1091,3,850726963
358,1091,1,957795242
373,1091,1,939036840
401,1091,2,977457791
457,1091,2,1471386494
460,1091,3.5,1072838148
466,1091,2,945836678
509,1091,4,942931508
514,1091,3,854116315
518,1091,2,945364937
564,1091,4,974837293
580,1091,3,1156127745
615,1091,3.5,1408778226
624,1091,3,1164622075
19,1124,3,855192940
21,1124,4,853852079
30,1124,4,945115411
57,1124,4,907764779
102,1124,4,957894532
117,1124,4.5,1320639869
160,1124,5,974259358
206,1124,4,900784384
232,1124,1,955093913
242,1124,5,956687665
265,1124,4,960060884
306,1124,3,939814997
311,1124,3,898008492
344,1124,4,850727827
373,1124,4,939038451
387,1124,4,974671109
452,1124,4,1077115697
467,1124,4,939064124
468,1124,3,1296201539
497,1124,3,942293168
505,1124,3.5,1340415859
514,1124,4,853896183
516,1124,4,844688451
518,1124,3,945445903
529,1124,1,960053405
537,1124,5,879507094
547,1124,3,981313014
575,1124,3,1012605465
33,1359,3,1032859220
46,1359,4.5,1366389877
73,1359,2,1470720209
213,1359,1,1462639884
223,1359,2,856532626
284,1359,1,853879296
311,1359,1.5,1062015368
358,1359,2,957795210
518,1359,3,945365275
605,1359,2,980195812
654,1359,1.5,1145389856
28,1366,5,938944636
30,1366,5,945277990
102,1366,4,957894870
187,1366,4,1233458974
289,1366,3,1328935666
294,1366,4,1090422659
388,1366,4,946529193
468,1366,2.5,1296202656
509,1366,3,940018357
514,1366,4,853893326
518,1366,4,945445877
564,1366,4,974715318
641,1366,5,855980942
30,1422,4,945278156
57,1422,3,907762885
90,1422,4,875515203
177,1422,3,907381025
213,1422,4.5,1462635638
242,1422,4,956686019
269,1422,3,883223796
306,1422,2,939901531
311,1422,2,898008658
343,1422,3,881166070
534,1422,4,973358204
537,1422,2,881749440
550,1422,3,942670431
597,1422,2,940708918
631,1422,3,897771245
27,1892,4,939079553
30,1892,5,945122605
57,1892,5,907762795
125,1892,4,1269736632
128,1892,4,1049683249
150,1892,2.5,1114309121
206,1892,3,900783691
213,1892,2.5,1462640427
242,1892,3,956685946
306,1892,3,939901440
311,1892,3.5,1076969422
321,1892,2,939399420
330,1892,4,948731380
341,1892,4.5,1240833566
355,1892,3.5,1130106181
452,1892,2,976424048
463,1892,3,1051643331
468,1892,2,1296198688
504,1892,4,904376977
534,1892,3,973440399
564,1892,3,974716032
579,1892,0.5,1325551013
596,1892,4,1138660016
15,1895,2.5,1469330584
43,1895,2,974769902
102,1895,2,957894870
128,1895,5,1049683587
150,1895,3,1114309099
187,1895,4.5,1241388065
412,1895,2,993088602
461,1895,3.5,1090909367
465,1895,4.5,1170652934
534,1895,3,973374764
564,1895,2,974833642
598,1895,3,1008571437
605,1895,3,980174106
665,1895,3,992920982
15,1955,4.5,1338698424
23,1955,4,1148728759
30,1955,4,945114961
57,1955,4,907766022
102,1955,4,956599162
119,1955,3,952582353
159,1955,3.5,1183519234
160,1955,5,974258996
195,1955,3,977750615
212,1955,2.5,1228788452
232,1955,3,955093231
265,1955,4,960060545
306,1955,5,939901187
342,1955,4,945122285
379,1955,4,1378179847
431,1955,4,1165548787
436,1955,4,941458348
452,1955,4,1002938212
468,1955,4,1296198558
472,1955,4,994738650
481,1955,4,1441892391
505,1955,3,1340411900
509,1955,4,940014312
518,1955,4,945445569
529,1955,4,1380166629
545,1955,5,938565672
547,1955,4,1022959041
575,1955,3,1012604914
577,1955,4.5,1127368642
605,1955,3,980196063
624,1955,3,1019137845
467,2062,3,939064124
493,2062,1,954685379
17,2118,4,1127472523
30,2118,4,948166679
57,2118,2,907764584
95,2118,4,1019023078
102,2118,4,957980072
118,2118,3,951009481
119,2118,3,913058346
120,2118,4.5,1167421606
137,2118,5,946411354
212,2118,3.5,1228789115
262,2118,3,1433899452
311,2118,3,1094585628
452,2118,3,976423954
461,2118,3.5,1091067256
480,2118,4.5,1339285292
482,2118,4,949292196
518,2118,5,945366654
550,2118,5,943374909
564,2118,4,974708857
575,2118,2,1012607321
15,3082,3,1166586269
22,3082,3.5,1131723124
23,3082,2.5,1148720826
30,3082,3,1033398031
73,3082,2.5,1255500985
78,3082,4.5,1344470341
105,3082,3,1086094805
107,3082,1.5,1446493230
150,3082,4,1114310339
196,3082,5,959223885
212,3082,3,1218955314
220,3082,3,970501194
247,3082,4,953102179
268,3082,3,1314888544
294,3082,3.5,1054068538
380,3082,3,979575715
405,3082,3.5,1097769410
407,3082,3,962648965
412,3082,4,993089513
461,3082,1,1091959517
468,3082,1.5,1296197155
471,3082,3.5,1239656484
472,3082,2,948656047
475,3082,2,1447255379
509,3082,2,946269142
550,3082,2,959487134
558,3082,4,965861749
560,3082,4,1452848679
564,3082,4,974716125
569,3082,3,965067928
574,3082,2.5,1232915008
592,3082,5,995420852
607,3082,4,1144790791
624,3082,3.5,1173560585
653,3082,4,948159373
664,3082,2.5,1343731402
232,3090,5,955092479
388,3090,5,946527144
472,3090,3,974244991
510,3090,3,948183184
547,3090,2,981312829
609,3090,1,1029870161
14,3175,5,976244313
15,3175,4,997939162
41,3175,4,1107100458
51,3175,4,974729067
73,3175,2.5,1255608868
77,3175,3.5,1183920264
94,3175,1.5,1291780877
103,3175,4,1117481971
119,3175,3,959734260
125,3175,5,1269734513
130,3175,3.5,1138998124
134,3175,4.5,1361244157
148,3175,4,1059603944
185,3175,3,1019787278
189,3175,2,968093049
195,3175,4,976289202
196,3175,4,959224261
212,3175,2,1260704012
213,3175,3.5,1462644087
220,3175,3,970499638
239,3175,4,991858341
243,3175,2.5,1094225061
285,3175,3,965088183
294,3175,4.5,1106708271
295,3175,3,1112545897
311,3175,3,1077051860
346,3175,5,1044650778
350,3175,2,1004548587
353,3175,1,1157500855
367,3175,4,1128633265
368,3175,3,962591805
380,3175,3,979019170
401,3175,5,977458934
407,3175,5,962648886
423,3175,2.5,1353700489
427,3175,3,953504181
428,3175,3.5,1304141086
433,3175,3,1417930931
452,3175,3,978405357
453,3175,4,994621810
461,3175,3,1091067303
462,3175,2,1115312640
463,3175,3,1049913808
466,3175,2,948985208
468,3175,3,1296197523
476,3175,4,971879236
509,3175,3.5,1093279141
525,3175,2,1024928811
533,3175,4,965314838
541,3175,3,976830069
547,3175,4,1000729773
561,3175,3,1172694522
564,3175,5,974714165
575,3175,5,1018057072
577,3175,5,1111476814
580,3175,3,1250522843
585,3175,4,975363606
592,3175,4,995420534
598,3175,4,1008658216
605,3175,3,980177795
608,3175,4,958824203
624,3175,4,1019125340
626,3175,5,974769196
654,3175,4,1145390339
655,3175,4.5,1470071355
73,6977,3,1279947114
547,6977,3.5,1071596142
73,7984,3.5,1448953187
